{"Swap":{"total":4095,"used":0},"Memory":{"total":15927,"used":5146},"Cpu":[5.599999999999454,6.0120240480909874,3.018108651913144,2.4144869215360054,2.409638554219233,1.3999999999987267,7.243460764589715,4.800000000000182,2.6156941649876657,2.0080321285167884,3.193612774448344,2.004008016034703],"LoadAVG":{"load1":0.67,"load5":0.53,"load15":0.51},"uptime":{"Hours":0,"Minutes":0,"Seconds":0}}
