{"Swap":{"total":4095,"used":0},"Memory":{"total":15927,"used":4795},"Cpu":[3.212851405619556,6.1876247505067195,2.794411177642301,1.2024048096181974,1.596806387224172,1.1952191235048935,1.4028056112166738,3.1620553359655377,1.002004008010608,1.197604790418129,1.2048192771074435,0.8016032064211719],"LoadAVG":{"load1":0.47,"load5":0.56,"load15":0.54},"uptime":null}
